,mile,access,station,601,605,607,641,643,43,645,609,647,649,651,653,655,657
column-options,,,,ardp,,,,,ardp,,,,,,,,
route-name,,,,,,,,,,,,,,,,,
days,,,,PHL,PHL,PHL,NYP,NYP,NYP,NYP,NYP,NYP,NYP,NYP,NYP,NYP,NYP
NYP,0,,,blank,blank,blank,first,first,first,first,first,first,first,first,first,first,first
NWK,10,,,blank,blank,blank,,,,,,,,,,,
EWR,13,,,blank,blank,blank,,,,,,,,,,,
MET,24,,,blank,blank,blank,,,,,,,,,,,
NBK,32,,,blank,blank,blank,,,,,,,,,,,
PJC,48,,,blank,blank,blank,,,,,,,,,,,
TRE,58,,,blank,blank,blank,,,,,,,,,,,
CWH,74,,,blank,blank,blank,,,,,,,,,,,
PHN,87,,,blank,blank,blank,,,,,,,,,,,
PHL,91,,,first two-row,first two-row,first two-row,,,,,,,,,,,
ARD,99,,,,,,,,,,,,,,,,
PAO,110,,,,,,,,,,,,,,,,
EXT,118,,,,,,,,,,,,,,,,
DOW,123,,,,,,,,,,,,,,,,
COT,129,,,,,,,,,,,,,,,,
PAR,133,,,,,,,,,,,,,,,,
LNC,159,,,,,,,,,,,,,,,,
MJY,170,,,,,,,,,,,,,,,,
ELT,177,,,,,,,,,,,,,,,,
MID,185,,,,,,,,,,,,,,,,
HAR,195,,,last,last,last,last,last,,last,last,last,last,last,last,last,last
LEW,256,,,blank,blank,blank,blank,blank,,blank,blank,blank,blank,blank,blank,blank,blank
HGD,293,,,blank,blank,blank,blank,blank,,blank,blank,blank,blank,blank,blank,blank,blank
TYR,313,,,blank,blank,blank,blank,blank,,blank,blank,blank,blank,blank,blank,blank,blank
ALT,327,,,blank,blank,blank,blank,blank,,blank,blank,blank,blank,blank,blank,blank,blank
JST,366,,,blank,blank,blank,blank,blank,,blank,blank,blank,blank,blank,blank,blank,blank
LAB,403,,,blank,blank,blank,blank,blank,,blank,blank,blank,blank,blank,blank,blank,blank
GNB,413,,,blank,blank,blank,blank,blank,,blank,blank,blank,blank,blank,blank,blank,blank
PGH,444,,,blank,blank,blank,blank,blank,last,blank,blank,blank,blank,blank,blank,blank,blank
