,mile,access,stations,66,150,144,160,162,54,660,2248,98 friday,152,662,164,664,118,82,2252,88,666,140,2254,194,42,2216,106,670,20 friday,156,2218,168,146,80 saturday,672,142,158,674,90,124,128
column-options,,,,ardp,,,,,,,,,ardp,,,,,,,,,ardp,,,,,,,,,ardp,,,,,,,,ardp,,
days,,,,PHL,PHL,PHL,PHL,PHL,PHL,PHL,PHL,PHL,PHL,PHL,PHL,PHL,PHL,PHL,PHL,PHL,PHL,PHL,PHL,PHL,PHL,PHL,PHL,PHL,PHL,PHL,PHL,PHL,PHL,PHL,PHL,PHL,PHL,PHL,PHL,PHL,PHL
updown,,,,,,,,,,,,,,,,,,,,,,,,,,,,,,,,,,,,,,,,,
origin,,,,,,,,,,,,,,,,,,,,,,,,,,,,,,,,,,,,,,,,,
WAS,0,,,,,,,,,,,,,,,,,,,,,,,,,,,,,,,,,,,,,,,,
NCR,9,,,,,,,,,,,,,,,,,,,,,,,,,,,,,,,,,,,,,,,,
BWI,30,,,,,,,,,,,,,,,,,,,,,,,,,,,,,,,,,,,,,,,,
BAL,41,,,,,,,,,,,,,,,,,,,,,,,,,,,,,,,,,,,,,,,,
ABE,71,,,,,,,,,,,,,,,,,,,,,,,,,,,,,,,,,,,,,,,,
NRK,98,,,,,,,,,,,,,,,,,,,,,,,,,,,,,,,,,,,,,,,,
WIL,110,,,,,,,,,,,,,,,,,,,,,,,,,,,,,,,,,,,,,,,,
PHL,135,,,,,,,,,,,,,,,,,,,,,,,,,,,,,,,,,,,,,,,,
PHN,139,,,,,,,,,,,,,,,,,,,,,,,,,,,,,,,,,,,,,,,,
CWH,152,,,,,,,,,,,,,,,,,,,,,,,,,,,,,,,,,,,,,,,,
TRE,168,,,,,,,,,,,,,,,,,,,,,,,,,,,,,,,,,,,,,,,,
PJC,178,,,,,,,,,,,,,,,,,,,,,,,,,,,,,,,,,,,,,,,,
NBK,194,,,,,,,,,,,,,,,,,,,,,,,,,,,,,,,,,,,,,,,,
MET,202,,,,,,,,,,,,,,,,,,,,,,,,,,,,,,,,,,,,,,,,
EWR,213,,,,,,,,,,,,,,,,,,,,,,,,,,,,,,,,,,,,,,,,
NWK,216,,,,,,,,,,,,,,,,,,,,,,,,,,,,,,,,,,,,,,,,
NYP,226,,,,,,,,,,,,,,,,,,,,,,,,,,,,,,,,,,,,,,,,
NRO,245,,,,,,,,,,,,,,,,,,,,,,,,,,,,,,,,,,,,,,,,
STM,262,,,,,,,,,,,,,,,,,,,,,,,,,,,,,,,,,,,,,,,,
BRP,284,,,,,,,,,,,,,,,,,,,,,,,,,,,,,,,,,,,,,,,,
NHV,301,,,,,,,,,,,,,,,,,,,,,,,,,,,,,,,,,,,,,,,,
OSB,334,,,,,,,,,,,,,,,,,,,,,,,,,,,,,,,,,,,,,,,,
NLC,352,,,,,,,,,,,,,,,,,,,,,,,,,,,,,,,,,,,,,,,,
MYS,361,,,,,,,,,,,,,,,,,,,,,,,,,,,,,,,,,,,,,,,,
WLY,370,,,,,,,,,,,,,,,,,,,,,,,,,,,,,,,,,,,,,,,,
KIN,387,,,,,,,,,,,,,,,,,,,,,,,,,,,,,,,,,,,,,,,,
PVD,414,,,,,,,,,,,,,,,,,,,,,,,,,,,,,,,,,,,,,,,,
RTE,446,,,,,,,,,,,,,,,,,,,,,,,,,,,,,,,,,,,,,,,,
BBY,456,,,,,,,,,,,,,,,,,,,,,,,,,,,,,,,,,,,,,,,,
BOS,457,,,,,,,,,,,,,,,,,,,,,,,,,,,,,,,,,,,,,,,,
destination,,,,,,,,,,,,,,,,,,,,,,,,,,,,,,,,,,,,,,,,,
